emp_worst,emp_averg,emp_averg_std,emp_averg_magn,emp_averg_corr,emp_averg_magn_std,emp_averg_corr_std,bnd_worst,bnd_averg,bnd_averg_magn,bnd_averg_corr,n
2.1495377362981297e-05,7.91683786868272e-06,2.6104182771656147e-07,9.515029547624981e-07,9.200856399921646e-07,1.645639646474168e-07,1.8575817143853196e-07,0.00015821263908688006,6.662859865609693e-05,(6.244812636757515e-05+4.453796981020355e-25j),(5.315685015378305e-05+3.7911436660555705e-25j),4
6.114212690770058e-05,2.474633403842265e-05,8.40005718090243e-07,1.5764662756060678e-06,1.7770751022083002e-06,2.0364002998056617e-07,4.752793299756594e-07,0.0005251331272490945,0.00020769168269410435,(0.0001732654048972456-1.9794444570565077e-24j),(0.00015346117406218963-1.7531940121049186e-24j),5
0.00018635566989238822,6.134754032973329e-05,7.804122339925277e-07,2.10849743788509e-06,2.67500055130509e-06,4.0058176559419277e-07,5.030794678644968e-07,0.0013737790650469744,0.0005071147497975326,(0.00038263022574870447-1.9664145372885436e-24j),(0.0003470881646250564-1.7837566577601218e-24j),6
0.0003968882315947826,0.00012722019209399912,2.21173302967861e-06,2.6235466135955505e-06,3.928543683972709e-06,2.754171323997228e-07,4.410362404682591e-07,0.003176655174263459,0.0010623900957836808,(0.0007381417657845779-2.1379329682162305e-23j),(0.0006803692506982934-1.9706022867875036e-23j),7
0.0007456387646245365,0.00023842975096763927,1.780422612202234e-06,2.9245640913272416e-06,3.831943249355445e-06,3.943540412057753e-07,5.077541492001024e-07,0.006482895533847525,0.0020001814206954895,(0.0012959944791126696-5.026073506435854e-23j),(0.001208336501145784-4.686121872545599e-23j),8
