emp_worst,emp_averg,emp_averg_std,emp_averg_magn,emp_averg_corr,emp_averg_magn_std,emp_averg_corr_std,bnd_worst,bnd_averg,bnd_averg_magn,bnd_averg_corr,n
5.296313990643256e-06,2.029444410323567e-06,7.45360576693053e-08,2.5287820588131e-07,2.2111490088665835e-07,5.211264738100031e-08,4.119197892194116e-08,3.1409262951448e-05,1.3378219114670826e-05,(1.5109864622456047e-05-2.4704483466139694e-26j),(1.286175993259078e-05-2.1028853900379888e-26j),4
1.5041483592897237e-05,6.194694210825039e-06,1.7455116846514855e-07,4.4306522072719285e-07,4.222868360871223e-07,7.403278808212948e-08,5.346989748316948e-08,9.93265166115774e-05,4.27736588242796e-05,(4.1943073386925587e-05-2.859552024359539e-25j),(3.714898129578379e-05-2.532705309581983e-25j),5
4.747617005409015e-05,1.530594119973197e-05,4.3679400042906754e-07,5.761470178645977e-07,6.960644107817729e-07,6.601047766897722e-08,1.1180315297201427e-07,0.0002618784563026454,0.00010556660068095498,(9.261544628103244e-05+6.4229825032047895e-25j),(8.401250895094216e-05+5.826359389392146e-25j),6
9.832140262657295e-05,3.1897064236105384e-05,3.0941276769828564e-07,6.092482780332975e-07,1.005397021226692e-06,1.4793023486711507e-07,1.1374879511204187e-07,0.0005891199632053597,0.00022247467248069451,(0.00017851779131726781+4.5269197879646475e-25j),(0.00016454564901329617+4.172609066274753e-25j),7
0.00018462968439376126,5.9215569038412264e-05,4.940115541016869e-07,7.906774706453734e-07,1.0108102809433528e-06,1.1920448132972107e-07,1.699981061180355e-07,0.0012557762195217776,0.00042043649928908143,(0.0003132569350317323-5.882113864439454e-24j),(0.0002920689824967906-5.484261700840136e-24j),8
0.00031322654831292436,0.00010132249466769448,6.697916829337936e-07,6.636428136336247e-07,1.1085797091751891e-06,1.2111505208246486e-07,2.2877059154449483e-07,0.002274086969348597,0.0007331421459412078,(0.0005124838807538293-1.0108225296215388e-23j),(0.00048196194398169564-9.50621101838922e-24j),9
