emp_worst,emp_averg,emp_averg_std,emp_averg_magn,emp_averg_corr,emp_averg_magn_std,emp_averg_corr_std,bnd_worst,bnd_averg,bnd_averg_magn,bnd_averg_corr,n
5.296313990643256e-06,2.0397426357630982e-06,6.696905832600668e-08,2.456454810096168e-07,2.397838785584902e-07,3.392530992451188e-08,3.437346495691076e-08,3.1409262951448e-05,1.3378219114670826e-05,(1.5109864622456047e-05-2.4704483466139694e-26j),(1.286175993259078e-05-2.1028853900379888e-26j),4
1.5041483592897237e-05,6.125600510095927e-06,2.1080728427546971e-07,3.9871531040014397e-07,4.057080041593164e-07,7.18746245651073e-08,1.0529052618910634e-07,9.93265166115774e-05,4.27736588242796e-05,(4.1943073386925587e-05-2.859552024359539e-25j),(3.714898129578379e-05-2.532705309581983e-25j),5
4.747617005409015e-05,1.5354811994504207e-05,2.5502501169166274e-07,5.601231430728271e-07,7.65328981156988e-07,8.641012722274821e-08,9.722956969858299e-08,0.0002618784563026454,0.00010556660068095498,(9.261544628103244e-05+6.4229825032047895e-25j),(8.401250895094216e-05+5.826359389392146e-25j),6
9.832140262657295e-05,3.1877199675132155e-05,4.644962954355853e-07,6.701644050149946e-07,9.818523938637247e-07,1.4561210116224335e-07,1.525506587383956e-07,0.0005891199632053597,0.00022247467248069451,(0.00017851779131726781+4.5269197879646475e-25j),(0.00016454564901329617+4.172609066274753e-25j),7
0.00018462968439376126,5.8926648713101484e-05,4.762123977752857e-07,6.567386966099819e-07,9.994451793957774e-07,9.742894592435393e-08,1.764290228787687e-07,0.0012557762195217776,0.00042043649928908143,(0.0003132569350317323-5.882113864439454e-24j),(0.0002920689824967906-5.484261700840136e-24j),8
